City_ID,City,Country,Lat,Lng,Max Temp,Humidity,Cloudiness,Wind Speed,Current Weather
0,Port Elizabeth,ZA,-33.918,25.5701,68.31,99,3,3.62,clear sky
1,Awjilah,LY,29.1081,21.2869,50.94,65,2,14.36,clear sky
2,Atuona,PF,-9.8,-139.0333,78.96,76,92,22.03,overcast clouds
3,Kavieng,PG,-2.5744,150.7967,84.56,68,86,8.16,overcast clouds
4,Avarua,CK,-21.2078,-159.775,78.85,83,75,17.27,light rain
5,Kapaa,US,22.0752,-159.319,79.12,77,75,10.36,light rain
6,Butaritari,KI,3.0707,172.7902,80.22,79,100,16.82,light rain
7,Sitka,US,57.0531,-135.33,39.09,81,100,16.11,moderate rain
8,Dolores,AR,-36.3132,-57.6792,65.79,93,10,7.7,light rain
9,Walla Walla,US,46.0646,-118.343,35.51,69,0,5.01,clear sky
10,Bredasdorp,ZA,-34.5322,20.0403,65.07,96,16,4.68,few clouds
11,Mataura,NZ,-46.1927,168.8643,72.46,68,100,3.4,overcast clouds
12,Malanje,AO,-9.5402,16.341,62.08,96,99,2.04,overcast clouds
13,Traverse City,US,44.7631,-85.6206,13.01,73,100,9.22,overcast clouds
14,Rikitea,PF,-23.1203,-134.9692,79.2,72,6,14.54,light rain
15,Pangnirtung,CA,66.1451,-65.7125,-20.72,71,100,4.74,overcast clouds
16,Kysyl-Syr,RU,63.8986,122.7617,-22.43,97,100,7.67,overcast clouds
17,Punta Arenas,CL,-53.15,-70.9167,53.71,62,20,21.85,few clouds
18,Barrow,US,71.2906,-156.7887,-5.78,77,0,23.02,clear sky
19,Narsaq,GL,60.9167,-46.05,17.82,94,100,3.8,overcast clouds
20,Lavrentiya,RU,65.5833,-171.0,15.06,99,100,4.47,overcast clouds
21,Mahebourg,MU,-20.4081,57.7,75.25,77,100,12.01,overcast clouds
22,Lompoc,US,34.6391,-120.4579,54.79,71,0,14.0,clear sky
23,Road Town,VG,18.4167,-64.6167,75.29,67,1,19.91,clear sky
24,Busselton,AU,-33.65,115.3333,71.76,42,0,14.18,clear sky
25,Tasiilaq,GL,65.6145,-37.6368,10.56,75,98,6.51,overcast clouds
26,New Norfolk,AU,-42.7826,147.0587,60.91,43,99,5.01,overcast clouds
27,Saint-Philippe,RE,-21.3585,55.7679,76.59,87,95,12.01,light rain
28,Mildura,AU,-34.2,142.15,76.06,47,0,12.03,clear sky
29,Ushuaia,AR,-54.8,-68.3,56.86,51,75,16.11,broken clouds
30,Jamestown,US,42.097,-79.2353,17.19,81,75,4.61,broken clouds
31,Moerai,PF,-22.4333,-151.3333,80.19,72,100,10.04,light rain
32,Barra Patuca,HN,15.8,-84.2833,75.94,85,1,10.42,clear sky
33,Issia,CI,6.4922,-6.5856,72.52,89,58,2.42,broken clouds
34,Visby,SE,57.6409,18.296,34.05,100,100,4.61,overcast clouds
35,Saskylakh,RU,71.9167,114.0833,-21.44,98,100,12.91,overcast clouds
36,Kaitangata,NZ,-46.2817,169.8464,69.49,74,99,7.07,overcast clouds
37,Pinillos,CO,8.9193,-74.4677,75.58,58,6,0.2,clear sky
38,Tiksi,RU,71.6872,128.8694,-0.63,99,100,9.31,light snow
39,Jennings,US,38.7192,-90.2604,21.22,57,75,3.44,broken clouds
40,Bluff,NZ,-46.6,168.3333,62.74,88,100,4.0,light rain
41,Airai,TL,-8.9266,125.4092,72.86,69,75,2.33,broken clouds
42,Pakxan,LA,18.3778,103.6601,71.06,36,82,2.84,broken clouds
43,Southbridge,US,42.0751,-72.0334,26.76,65,3,13.0,clear sky
44,Pisco,PE,-13.7,-76.2167,73.45,78,0,11.5,clear sky
45,Albany,US,42.6001,-73.9662,22.23,61,94,4.92,overcast clouds
46,Castro,BR,-24.7911,-50.0119,63.36,98,100,2.73,overcast clouds
47,Vlasenica,BA,44.1819,18.9406,23.63,92,90,4.52,overcast clouds
48,Karratha,AU,-20.7377,116.8463,93.16,46,13,6.64,few clouds
49,Gunnedah,AU,-30.9833,150.25,89.19,30,0,8.66,light rain
50,Saint George,US,37.1041,-113.5841,33.94,36,0,9.22,clear sky
51,Pacific Grove,US,36.6177,-121.9166,52.25,66,0,1.99,clear sky
52,Carnarvon,AU,-24.8667,113.6333,81.37,66,30,13.35,scattered clouds
53,Tual,ID,-5.6667,132.75,83.41,74,83,9.42,broken clouds
54,Auki,SB,-8.7676,160.7034,86.07,65,85,10.31,overcast clouds
55,Puerto Ayora,EC,-0.7393,-90.3518,77.56,91,88,1.01,overcast clouds
56,Diu,IN,20.7141,70.9822,65.19,49,100,15.01,overcast clouds
57,Khatanga,RU,71.9667,102.5,-44.05,100,66,3.87,broken clouds
58,Nikolskoye,RU,59.7035,30.7861,31.91,94,98,8.5,light snow
59,Camacari,BR,-12.6975,-38.3242,82.17,85,89,3.78,overcast clouds
60,Teluk Nibung,ID,3.001,99.8164,75.83,91,100,1.72,overcast clouds
61,Yellowknife,CA,62.456,-114.3525,-25.08,68,20,11.5,few clouds
62,Cap Malheureux,MU,-19.9842,57.6142,75.47,83,98,1.99,overcast clouds
63,Batemans Bay,AU,-35.7167,150.1833,73.09,59,29,9.62,scattered clouds
64,Mandiana,GN,10.6333,-8.6833,73.58,20,16,5.35,few clouds
65,Galliate,IT,45.4816,8.6967,43.97,74,2,2.98,clear sky
66,Bambous Virieux,MU,-20.3428,57.7575,77.25,88,40,6.91,scattered clouds
67,Lebu,CL,-37.6167,-73.65,57.06,83,0,20.6,clear sky
68,Siocon,PH,7.7061,122.1353,84.22,73,32,0.74,scattered clouds
69,Constitucion,CL,-35.3333,-72.4167,54.81,83,1,10.94,clear sky
70,Mwinilunga,ZM,-11.7358,24.4293,58.51,98,100,2.64,overcast clouds
71,Manta,EC,-0.95,-80.7333,78.58,83,40,8.05,scattered clouds
72,Talnakh,RU,69.4865,88.3972,4.21,96,100,10.38,overcast clouds
73,Avera,US,33.194,-82.5271,62.65,94,100,5.82,overcast clouds
74,Villamontes,BO,-21.25,-63.5,72.32,90,100,3.89,overcast clouds
75,Fortuna,US,40.5982,-124.1573,45.99,82,0,0.0,clear sky
76,Vaini,TO,-21.2,-175.2,82.56,89,75,10.36,broken clouds
77,Qaanaaq,GL,77.484,-69.3632,-6.36,44,84,7.78,broken clouds
78,Evensk,RU,61.95,159.2333,14.67,95,99,4.43,light snow
79,Kismayo,SO,-0.3582,42.5454,77.09,78,77,15.75,broken clouds
80,Labelle,US,26.7617,-81.4384,73.42,69,17,4.16,few clouds
81,Bairiki,KI,1.3292,172.9752,87.8,70,40,14.97,scattered clouds
82,Sao Jose De Ribamar,BR,-2.5619,-44.0542,80.98,87,100,11.74,overcast clouds
83,Cherskiy,RU,68.75,161.3,-12.05,100,49,4.74,scattered clouds
84,Mahajanga,MG,-15.7167,46.3167,75.22,94,40,10.36,thunderstorm with light rain
85,North Bend,US,43.4065,-124.2243,45.86,82,0,0.0,clear sky
86,Kassala,SD,15.451,36.4,73.78,42,19,6.78,few clouds
87,Mar Del Plata,AR,-38.0023,-57.5575,68.95,89,75,7.0,broken clouds
88,Georgiyevskoye,RU,58.731,45.024,25.43,94,100,10.58,overcast clouds
89,Ostrovnoy,RU,68.0531,39.5131,16.18,97,93,4.27,overcast clouds
90,Bandar-E Lengeh,IR,26.5579,54.8807,64.51,88,0,9.22,mist
91,Port Hardy,CA,50.6996,-127.4199,37.58,87,100,11.5,light rain
92,Alice Springs,AU,-23.7,133.8833,78.35,65,100,11.5,overcast clouds
93,Clyde River,CA,70.4692,-68.5914,-25.37,75,0,6.91,clear sky
94,Tuktoyaktuk,CA,69.4541,-133.0374,-36.4,67,20,4.61,few clouds
95,Port Lincoln,AU,-34.7333,135.8667,64.2,67,100,14.18,overcast clouds
96,Esperance,AU,-33.8667,121.9,63.52,63,100,13.82,overcast clouds
97,Jedburgh,GB,55.48,-2.552,42.44,77,69,22.28,broken clouds
98,Kodiak,US,57.79,-152.4072,38.71,87,100,5.75,overcast clouds
99,Saldanha,ZA,-33.0117,17.9442,59.05,92,0,12.91,clear sky
100,Nador,MA,35.174,-2.9287,44.85,93,0,3.44,clear sky
101,Mattru,SL,7.6244,-11.8332,73.63,89,1,1.14,clear sky
102,Adrar,MR,20.5022,-10.0711,60.58,14,13,10.65,few clouds
103,Zwedru,LR,6.0667,-8.1281,72.14,94,3,1.59,clear sky
104,Hermanus,ZA,-34.4187,19.2345,63.81,93,3,2.17,clear sky
105,Pevek,RU,69.7008,170.3133,5.49,84,4,3.06,clear sky
106,Padang,ID,-0.9492,100.3543,82.45,83,100,2.64,overcast clouds
107,Ilulissat,GL,69.2167,-51.1,-2.18,65,77,3.44,broken clouds
108,East London,ZA,-33.0153,27.9116,70.59,86,3,5.44,clear sky
109,Port Alfred,ZA,-33.5906,26.891,67.17,96,6,5.68,clear sky
110,San Quintin,MX,30.4833,-115.95,55.74,63,49,6.44,scattered clouds
111,Sibolga,ID,1.7427,98.7792,76.6,86,100,1.83,overcast clouds
112,Guerrero Negro,MX,27.9769,-114.0611,57.09,57,10,7.87,clear sky
113,Jingdezhen,CN,29.2947,117.2079,61.48,43,0,1.68,clear sky
114,Kijang,KR,35.2442,129.2139,51.53,64,100,6.85,overcast clouds
115,Hithadhoo,MV,-0.6,73.0833,80.89,74,24,12.68,few clouds
116,Fonte Boa,BR,-2.4959,-66.2662,72.18,98,73,1.86,broken clouds
117,Hurghada,EG,27.2574,33.8129,55.94,49,0,16.96,clear sky
118,Luderitz,NA,-26.6481,15.1594,60.4,94,4,11.68,clear sky
119,Chapais,CA,49.7834,-74.8492,-6.02,94,100,8.81,overcast clouds
120,Georgetown,MY,5.4112,100.3354,82.33,83,40,5.75,scattered clouds
121,Codrington,AU,-38.2667,141.9667,61.72,49,100,15.12,overcast clouds
122,Katsuura,JP,35.1333,140.3,51.82,50,4,23.62,clear sky
123,Krasnoselkup,RU,65.7,82.4667,-1.34,97,100,11.7,overcast clouds
124,Ivanteyevka,RU,55.9711,37.9208,32.56,94,100,6.69,overcast clouds
125,Cape Town,ZA,-33.9258,18.4232,72.37,80,0,13.0,clear sky
126,Oktyabrskiy,RU,54.4815,53.471,4.64,98,61,5.82,broken clouds
127,Catia La Mar,VE,10.6038,-67.0303,80.8,69,40,6.91,scattered clouds
128,Rocha,UY,-34.4833,-54.3333,68.32,95,5,5.06,clear sky
129,Belyy Yar,RU,53.6039,91.3903,-2.31,84,20,0.0,fog
130,Ussel,FR,45.55,2.3167,30.94,96,100,2.35,overcast clouds
131,Ballina,AU,-28.8667,153.5667,86.02,75,57,8.9,broken clouds
132,Domoni,KM,-12.2569,44.5319,79.02,84,93,5.14,overcast clouds
133,Flinders,AU,-34.5833,150.8552,84.18,60,8,1.99,clear sky
134,Springdale,US,36.1867,-94.1288,22.5,89,100,6.91,overcast clouds
135,Petrozavodsk,RU,61.7849,34.3469,26.06,86,97,8.95,overcast clouds
136,Hobart,AU,-42.8794,147.3294,61.27,77,75,13.8,light intensity drizzle
137,San Patricio,US,28.017,-97.5169,39.07,82,100,14.81,overcast clouds
138,Dicabisagan,PH,17.0818,122.4157,78.13,67,99,2.51,overcast clouds
139,Erzin,TR,36.9559,36.2,43.66,80,100,3.56,overcast clouds
140,Swinoujscie,PL,53.9105,14.2471,39.34,81,75,23.02,broken clouds
141,Jutai,BR,-5.1833,-68.9,72.73,98,100,2.06,overcast clouds
142,Dingzhou,CN,38.5131,114.9956,35.71,22,72,6.44,broken clouds
143,Saiha,IN,22.4833,92.9667,65.5,38,8,2.37,clear sky
144,Isangel,VU,-19.55,169.2667,83.8,72,100,2.21,overcast clouds
145,Svetlyy,RU,54.675,20.1347,37.45,97,100,25.52,light rain
146,Port-Gentil,GA,-0.7193,8.7815,80.22,79,46,14.16,scattered clouds
147,Rio Gallegos,AR,-51.6226,-69.2181,57.22,53,100,3.62,overcast clouds
148,Hami,CN,42.8,93.45,26.04,33,100,3.91,overcast clouds
149,Qitaihe,CN,45.8,130.85,8.38,92,100,6.29,overcast clouds
150,Uchiza,PE,-8.4592,-76.4633,71.65,96,100,2.15,overcast clouds
151,Lata,PT,40.1629,-8.3327,33.08,78,0,3.36,clear sky
152,Geraldton,AU,-28.7667,114.6,90.01,31,0,12.66,clear sky
153,Puerto Quijarro,BO,-17.7833,-57.7667,74.62,91,100,0.87,light rain
154,Arraial Do Cabo,BR,-22.9661,-42.0278,75.94,87,78,25.28,broken clouds
155,Lagoa,PT,39.05,-27.9833,56.88,70,98,11.9,light rain
156,Vardo,NO,70.3705,31.1107,30.18,93,100,25.32,light snow
157,Plettenberg Bay,ZA,-34.0527,23.3716,66.76,80,0,6.67,clear sky
158,Montrose,US,38.4166,-108.2673,11.61,75,1,2.33,clear sky
159,Chuy,UY,-33.6971,-53.4616,70.72,91,4,6.51,clear sky
160,Fairbanks,US,64.8378,-147.7164,17.82,84,75,5.75,light snow
161,Ayabaca,PE,-4.6398,-79.7149,49.93,96,99,1.9,light rain
162,Lunenburg,CA,44.3835,-64.3155,24.85,79,96,14.97,overcast clouds
163,Iqaluit,CA,63.7506,-68.5145,-14.31,68,75,16.11,light snow
164,Provideniya,RU,64.3833,-173.3,23.36,86,100,2.24,fog
165,West Fargo,US,46.875,-96.9004,-0.4,83,0,4.61,clear sky
166,Marzuq,YE,14.4,46.4667,57.81,45,8,5.17,clear sky
167,Nakodar,IN,31.1258,75.4733,44.47,78,0,6.51,clear sky
168,Klaksvik,FO,62.2266,-6.589,40.82,87,94,31.9,light rain
169,Sola,VU,-13.8833,167.55,81.57,70,100,5.91,overcast clouds
170,Shimoda,JP,34.6667,138.95,52.16,61,16,17.81,few clouds
171,Salalah,OM,17.0151,54.0924,66.38,78,88,4.45,overcast clouds
172,Kutum,SD,14.2,24.6667,64.13,17,55,6.85,broken clouds
173,Seymchan,RU,62.8833,152.4333,-15.72,96,93,1.72,overcast clouds
174,La Cruz,MX,23.9167,-106.9,67.57,75,89,9.69,overcast clouds
175,Zhob,PK,31.3411,69.4481,41.81,43,9,2.55,clear sky
176,Cartagena,CO,10.3997,-75.5144,76.62,78,0,6.91,clear sky
177,Severo-Kurilsk,RU,50.6789,156.125,25.47,53,52,4.07,broken clouds
178,Chimbote,PE,-9.0853,-78.5783,71.51,75,99,4.83,overcast clouds
179,Medea,DZ,36.2642,2.7539,35.69,62,0,2.57,clear sky
180,Staryy Nadym,RU,65.6118,72.6842,12.88,94,100,18.03,light snow
181,Mont-Dore,NC,-22.2833,166.5833,89.58,60,66,6.8,broken clouds
182,Harper,LR,4.375,-7.7169,78.84,86,19,5.86,few clouds
183,Ferrandina,IT,40.5012,16.4547,36.05,60,5,6.93,clear sky
184,Upernavik,GL,72.7868,-56.1549,-3.33,93,100,11.5,overcast clouds
185,Hobyo,SO,5.3505,48.5268,75.11,73,8,14.36,clear sky
186,San Cristobal,VE,7.7669,-72.225,68.18,91,90,2.55,overcast clouds
187,Bintulu,MY,3.1667,113.0333,75.61,94,20,3.44,moderate rain
188,Lorengau,PG,-2.0226,147.2712,84.29,69,85,9.62,heavy intensity rain
189,Kimbe,PG,-5.5502,150.1429,80.55,84,98,3.74,light rain
190,Tiznit,MA,29.5833,-9.5,50.88,26,66,17.78,broken clouds
191,Dikson,RU,73.5069,80.5464,-11.49,92,25,9.15,scattered clouds
192,Racovita,RO,45.6983,21.6358,36.81,99,100,7.99,light rain
193,Anadyr,RU,64.75,177.4833,27.1,100,75,20.13,broken clouds
194,Abnub,EG,27.2696,31.1511,48.85,60,0,6.69,clear sky
195,Havoysund,NO,70.9963,24.6622,35.83,75,100,23.44,light rain
196,Elat,IL,29.5581,34.9482,57.04,41,20,0.0,few clouds
197,Cabo San Lucas,MX,22.8909,-109.9124,70.52,75,100,4.61,light rain
198,Hovd,MN,48.0056,91.6419,-1.53,78,100,1.61,overcast clouds
199,Chokurdakh,RU,70.6333,147.9167,0.12,97,100,6.26,light snow
200,San Pedro,PH,14.35,121.0167,84.31,66,20,6.91,few clouds
201,Amapa,BR,1.0,-52.0,70.7,99,100,1.99,light rain
202,Umm Kaddadah,SD,13.6017,26.6876,68.95,19,31,18.01,scattered clouds
203,Mporokoso,ZM,-9.3727,30.125,58.91,94,31,1.41,scattered clouds
204,Ossora,RU,59.2353,163.0719,20.91,85,100,3.67,overcast clouds
205,Finschhafen,PG,-6.6024,147.8681,85.59,73,57,8.75,broken clouds
206,Oriximina,BR,-1.7656,-55.8661,73.35,92,100,2.66,overcast clouds
207,Timra,SE,62.487,17.3257,13.68,92,40,3.44,scattered clouds
208,Black Forest,US,39.0131,-104.7008,17.96,72,0,8.05,clear sky
209,Goderich,CA,43.7501,-81.7165,18.91,67,100,16.11,overcast clouds
210,Torbay,CA,47.6666,-52.7314,31.39,93,100,6.91,snow
211,Dudinka,RU,69.4058,86.1778,4.62,94,99,14.58,overcast clouds
212,Dhidhdhoo,MV,6.8833,73.1,80.37,74,100,11.16,overcast clouds
213,Lodja,CD,-3.4833,23.4333,68.72,98,100,5.75,overcast clouds
214,Manbij,SY,36.5281,37.9549,40.08,90,100,6.04,overcast clouds
215,Mandvi,IN,22.8333,69.3667,62.02,67,8,16.13,clear sky
216,Bethel,US,41.3712,-73.414,29.93,59,0,5.75,clear sky
217,Kamenka,RU,51.3223,42.7678,28.83,97,100,8.99,light snow
218,Muros,ES,42.7762,-9.0603,44.1,85,10,12.39,clear sky
219,Durango,MX,24.8333,-104.8333,55.78,45,15,8.14,few clouds
220,Necochea,AR,-38.5473,-58.7368,65.98,81,100,10.85,light rain
221,Ust-Maya,RU,60.4167,134.5333,-26.59,92,100,4.14,overcast clouds
222,Atar,MR,20.5169,-13.0499,66.22,22,61,5.23,broken clouds
223,Bardiyah,LY,31.7561,25.0865,51.98,76,31,25.05,light rain
224,Warmbad,NA,-28.45,18.7333,66.65,41,0,4.85,clear sky
225,Presidencia Roque Saenz Pena,AR,-26.7852,-60.4388,80.11,41,3,1.79,clear sky
226,Morogoro,TZ,-6.8167,37.6667,68.59,97,43,0.83,scattered clouds
227,Husavik,IS,66.0449,-17.3389,28.8,95,100,15.43,snow
228,Ocean Springs,US,30.4113,-88.8278,65.01,100,40,0.0,fog
229,Paamiut,GL,61.994,-49.6678,13.87,68,100,11.07,overcast clouds
230,Lawrenceburg,US,38.0373,-84.8966,28.98,89,100,5.75,light snow
231,Pacatuba,BR,-3.9842,-38.6203,80.46,95,95,3.11,overcast clouds
232,Deputatskiy,RU,69.3,139.9,-18.92,96,100,5.93,overcast clouds
233,Cherepovets,RU,59.1333,37.9,30.02,80,40,4.47,scattered clouds
234,Ixtapa,MX,20.7,-105.2,74.43,73,20,6.91,few clouds
235,Casper,US,42.8666,-106.3131,12.79,67,0,28.77,clear sky
236,Hilo,US,19.7297,-155.09,76.28,92,20,11.5,light rain
237,Victoria,HK,22.2855,114.1577,72.25,80,77,8.1,broken clouds
238,Sehwan,PK,26.4279,67.863,53.8,42,0,2.17,clear sky
239,Oussouye,SN,12.485,-16.5469,68.18,40,77,9.15,broken clouds
240,Vila Velha,BR,-20.3297,-40.2925,76.95,83,20,5.75,few clouds
241,Gogrial,SS,8.5332,28.1004,77.59,16,0,5.19,clear sky
242,Kedougou,SN,12.5579,-12.1743,76.15,18,2,1.95,clear sky
243,Bambanglipuro,ID,-7.95,110.2833,82.42,75,99,3.0,overcast clouds
244,Zima,RU,53.9202,102.0442,0.93,93,100,4.03,overcast clouds
245,Ondjiva,AO,-17.0667,15.7333,66.49,89,100,2.89,light rain
246,Pincehely,HU,46.681,18.4394,34.95,78,100,7.96,overcast clouds
247,Kingsport,US,36.5484,-82.5618,48.76,97,100,1.01,mist
248,Quelimane,MZ,-17.8786,36.8883,74.16,89,62,3.11,broken clouds
249,Touros,BR,-5.1989,-35.4608,79.81,73,100,14.88,overcast clouds
250,Kavaratti,IN,10.5669,72.642,79.72,73,100,13.58,overcast clouds
251,Chernyshevskiy,RU,63.0128,112.4714,-43.78,100,87,2.77,overcast clouds
252,Chuncheng,CN,22.1731,111.7886,70.41,64,13,4.41,few clouds
253,Lazaro Cardenas,MX,17.9583,-102.2,74.66,83,4,5.59,clear sky
254,Hambantota,LK,6.1241,81.1185,75.54,100,20,4.61,few clouds
255,Carutapera,BR,-1.195,-46.02,75.94,92,100,4.65,overcast clouds
256,Mogadishu,SO,2.0371,45.3438,75.83,81,29,14.85,scattered clouds
257,Mount Isa,AU,-20.7333,139.5,87.57,55,75,5.75,broken clouds
258,Ketchikan,US,55.3422,-131.6461,39.18,93,100,5.75,mist
259,Gao,ML,16.6362,1.637,64.85,7,100,11.16,overcast clouds
260,Gravdal,NO,68.1214,13.5031,35.1,69,99,5.26,light snow
261,La Ronge,CA,55.1001,-105.2842,-19.95,76,20,2.3,few clouds
262,Petropavlovsk-Kamchatskiy,RU,53.0452,158.6483,10.99,62,0,4.47,clear sky
263,Nantucket,US,41.2835,-70.0995,33.15,69,100,12.66,overcast clouds
264,Raudeberg,NO,61.9875,5.1352,39.87,1,100,24.52,light snow
265,Richards Bay,ZA,-28.783,32.0377,73.47,90,100,12.82,overcast clouds
266,Rasskazovo,RU,52.6714,41.9033,22.89,97,100,5.32,light snow
267,Sao Filipe,CV,14.8961,-24.4956,70.41,73,100,10.96,overcast clouds
268,Ribeira Grande,PT,38.5167,-28.7,53.78,83,95,8.99,overcast clouds
269,Sinazongwe,ZM,-17.2614,27.4618,72.27,87,77,1.28,light rain
270,Gamba,GA,-2.65,10.0,76.64,87,100,5.39,overcast clouds
271,Lasa,IT,46.6166,10.7002,38.28,89,24,6.58,few clouds
272,Souillac,MU,-20.5167,57.5167,77.38,88,40,6.91,scattered clouds
273,Kailua,US,21.4022,-157.7394,83.61,79,20,6.91,few clouds
274,Grand Gaube,MU,-20.0064,57.6608,77.4,83,100,3.0,overcast clouds
275,Chernyanka,RU,50.9409,37.8069,24.8,86,78,4.9,light snow
276,Ryki,PL,51.6257,21.9327,36.59,49,100,19.64,overcast clouds
277,Vao,NC,-22.6667,167.4833,79.12,76,84,10.36,broken clouds
278,Jaciara,BR,-15.9653,-54.9683,71.22,95,100,1.52,overcast clouds
279,Gangakher,IN,18.95,76.75,66.25,57,29,5.28,scattered clouds
280,Bajil,YE,15.0584,43.2851,71.85,73,80,2.24,broken clouds
281,Itapemirim,BR,-21.0111,-40.8339,74.43,89,100,14.0,overcast clouds
282,Rafsanjan,IR,30.4067,55.9939,48.99,37,82,4.18,broken clouds
283,Ancud,CL,-41.8697,-73.8203,52.88,81,1,3.22,clear sky
284,Biak,ID,-0.9131,122.8766,81.79,73,85,2.17,overcast clouds
285,Hasaki,JP,35.7333,140.8333,50.4,50,4,17.72,clear sky
286,Nanortalik,GL,60.1432,-45.2371,14.27,84,100,5.37,overcast clouds
287,Katangli,RU,51.7102,143.2326,2.44,82,29,12.01,scattered clouds
288,Summerside,CA,46.3959,-63.7876,16.14,73,98,8.05,overcast clouds
289,Santa Cecilia,BR,-26.9608,-50.4269,58.91,98,39,1.88,scattered clouds
290,Fuerte Olimpo,PY,-21.0415,-57.8738,71.98,95,100,3.58,overcast clouds
291,Santa Maria,BR,-29.6842,-53.8069,74.5,69,0,3.44,clear sky
292,Pingliang,CN,35.5392,106.6861,28.45,22,99,4.34,overcast clouds
293,Stokmarknes,NO,68.5646,14.9108,30.16,100,72,3.44,broken clouds
294,Portland,US,45.5234,-122.6762,39.34,64,75,3.44,broken clouds
295,Tuatapere,NZ,-46.1333,167.6833,68.72,74,100,2.15,light rain
296,Cayenne,GF,4.9333,-52.3333,75.24,94,75,0.0,broken clouds
297,Puerto Asis,CO,0.5133,-76.5007,74.59,62,81,1.99,broken clouds
298,Hearst,CA,49.6835,-83.6665,-12.75,100,96,2.66,overcast clouds
299,Halifax,CA,44.6453,-63.5724,22.69,83,75,5.99,light snow
300,Waingapu,ID,-9.6567,120.2641,85.46,70,84,10.0,broken clouds
301,Longyearbyen,SJ,78.2186,15.6401,15.64,67,20,14.97,few clouds
302,Faya,SA,18.3851,42.4509,48.72,56,78,4.63,broken clouds
303,Bend,US,44.0582,-121.3153,37.99,54,75,8.05,broken clouds
304,Byron Bay,AU,-28.65,153.6167,84.94,82,48,9.33,scattered clouds
305,Quang Ngai,VN,15.1167,108.8,72.46,81,93,1.34,overcast clouds
306,Beloha,MG,-25.1667,45.05,69.4,78,25,12.35,scattered clouds
307,Komsomolskiy,UZ,40.4272,71.7189,30.92,80,100,2.3,mist
308,Sao Joao Da Barra,BR,-21.6403,-41.0511,76.73,85,44,20.29,scattered clouds
309,Casa Grande,US,32.8795,-111.7573,57.11,70,0,6.91,clear sky
310,Namatanai,PG,-3.6667,152.4333,83.55,71,99,5.88,light rain
311,Pontes E Lacerda,BR,-15.2261,-59.3353,71.51,98,95,3.83,overcast clouds
312,Gazojak,TM,41.1875,61.4036,39.96,83,100,15.61,overcast clouds
313,Reconquista,AR,-29.15,-59.65,80.37,27,0,7.25,clear sky
314,San Rafael,AR,-34.6177,-68.3301,69.4,63,13,15.79,few clouds
315,Tomatlan,MX,19.9333,-105.25,66.97,79,18,1.86,few clouds
316,Borogontsy,RU,62.6683,131.1683,-30.08,92,100,3.31,overcast clouds
317,Cidreira,BR,-30.1811,-50.2056,75.09,91,0,6.24,clear sky
318,Maniitsoq,GL,65.4167,-52.9,2.79,78,100,12.5,overcast clouds
319,Hamilton,US,39.1834,-84.5333,26.04,68,100,6.91,overcast clouds
320,Inuvik,CA,68.3499,-133.7218,-19.34,69,40,2.3,scattered clouds
321,San Policarpo,PH,12.1791,125.5072,80.42,85,23,14.03,few clouds
322,Moron,AR,-34.6534,-58.6198,77.97,79,93,7.29,overcast clouds
323,Buala,SB,-8.145,159.5921,83.05,75,95,9.8,light rain
324,Rawson,AR,-43.3002,-65.1023,61.88,55,0,19.35,clear sky
325,Neuquen,AR,-38.9516,-68.0591,69.69,64,0,4.61,clear sky
326,Tinskoy,RU,56.1525,96.9161,8.33,96,100,2.55,overcast clouds
327,Bulgan,MN,48.8125,103.5347,-3.39,90,58,2.44,broken clouds
328,Tongliao,CN,43.6125,122.2653,19.89,36,12,21.09,few clouds
329,Vung Tau,VN,10.346,107.0843,78.04,76,98,6.02,overcast clouds
330,Prainha,BR,-1.8,-53.48,73.17,95,88,2.46,overcast clouds
331,Broken Hill,AU,-31.95,141.4333,76.8,31,0,12.73,clear sky
332,Pacifica,US,37.6138,-122.4869,53.53,55,20,11.5,few clouds
333,Indianola,US,41.3581,-93.5574,15.66,65,3,3.0,clear sky
334,Westport,US,41.1415,-73.3579,35.58,58,0,10.36,clear sky
335,Palmer,US,42.1584,-72.3287,26.15,67,40,6.91,scattered clouds
336,Ust-Kut,RU,56.7938,105.7672,0.12,96,100,3.27,overcast clouds
337,Paragominas,BR,-2.9667,-47.4833,72.0,99,100,4.38,moderate rain
338,Xining,CN,36.6167,101.7667,21.97,28,100,2.48,overcast clouds
339,Key Largo,US,25.0865,-80.4473,75.99,79,1,9.66,clear sky
340,Faanui,PF,-16.4833,-151.75,81.28,75,100,14.41,light rain
341,Seybaplaya,MX,19.65,-90.6667,76.84,79,100,4.92,overcast clouds
342,Te Anau,NZ,-45.4167,167.7167,71.89,62,100,2.55,overcast clouds
343,Bubaque,GW,11.2833,-15.8333,77.47,63,2,12.84,clear sky
344,Ponta Delgada,PT,37.7333,-25.6667,54.32,87,40,4.61,light rain
345,Anloga,GH,5.7947,0.8973,79.79,81,97,4.9,overcast clouds
346,Urucara,BR,-2.5364,-57.76,73.17,98,100,2.8,light rain
347,Pangai,TO,-19.8,-174.35,84.31,74,75,10.36,broken clouds
348,Agadir,MA,30.4202,-9.5982,61.25,29,55,19.64,broken clouds
349,Den Helder,NL,52.9599,4.7593,45.01,78,75,28.01,broken clouds
350,Ambilobe,MG,-13.2,49.05,73.74,94,57,1.81,broken clouds
351,Tumbes,PE,-3.5667,-80.4414,80.55,69,75,6.91,broken clouds
352,Saint Anthony,US,45.0205,-93.218,8.22,65,75,6.91,broken clouds
353,Meadow Lake,US,34.8014,-106.5436,42.28,43,23,5.26,few clouds
354,Zhangye,CN,38.9342,100.4517,19.42,53,81,2.1,broken clouds
355,Pemba,MZ,-12.974,40.5178,75.9,94,20,4.61,few clouds
356,Marrakesh,MA,31.6315,-8.0083,46.47,61,40,4.61,scattered clouds
357,Varnavino,RU,57.4035,45.0916,21.9,93,100,10.56,overcast clouds
358,Beroroha,MG,-21.6667,45.1667,73.17,86,93,4.07,overcast clouds
359,Saint-Pierre,RE,-21.3393,55.4781,76.68,88,75,12.66,light rain
360,Karasjok,NO,69.4719,25.5112,24.22,96,100,6.53,overcast clouds
361,Constantine,DZ,36.365,6.6147,35.01,80,40,5.75,scattered clouds
362,Miercurea-Ciuc,RO,46.35,25.8,21.09,98,98,4.32,overcast clouds
363,Ormara,PK,25.2088,64.6357,66.79,41,1,5.08,clear sky
364,Honningsvag,NO,70.9821,25.9704,35.35,75,75,26.46,light rain
365,Ust-Nera,RU,64.5667,143.2,-9.44,95,100,4.09,overcast clouds
366,Togitsu,JP,32.8333,129.85,49.98,81,75,11.5,broken clouds
367,Nieuw Amsterdam,SR,5.8833,-55.0833,77.02,86,62,5.48,broken clouds
368,Quatre Cocos,MU,-20.2078,57.7625,77.11,76,100,13.31,overcast clouds
369,Nanakuli,US,21.3906,-158.1547,83.57,59,20,6.91,few clouds
370,Naze,JP,28.3667,129.4833,67.12,63,72,13.18,broken clouds
371,Long Beach,US,33.767,-118.1892,62.28,46,0,5.75,clear sky
372,Bermejo,AR,-32.8833,-68.8,80.51,57,40,6.96,scattered clouds
373,Mount Gambier,AU,-37.8333,140.7667,64.13,42,90,9.71,overcast clouds
374,Khatima,IN,28.9167,79.9667,58.1,59,0,2.55,clear sky
375,Bengkulu,ID,-3.8004,102.2655,80.58,76,100,7.4,overcast clouds
376,Samarai,PG,-10.6167,150.6667,84.79,69,98,0.87,overcast clouds
377,Gat,IL,31.61,34.7642,54.39,100,61,18.23,broken clouds
378,Berbera,SO,10.4396,45.0143,73.58,73,73,4.85,broken clouds
379,Gombong,ID,-7.6072,109.5142,83.26,75,100,2.35,overcast clouds
380,Kuminskiy,RU,58.6667,66.5667,18.52,95,98,7.29,overcast clouds
381,Wattegama,LK,6.7989,81.4808,78.89,72,89,3.51,overcast clouds
382,Mende,FR,44.6667,3.5,24.71,97,99,5.73,overcast clouds
383,Guastatoya,GT,14.8539,-90.0647,68.2,89,15,2.35,few clouds
384,Hokitika,NZ,-42.7167,170.9667,65.86,91,100,3.58,overcast clouds
385,Poum,NC,-20.2333,164.0167,79.95,63,77,4.68,broken clouds
386,Camocim,BR,-2.9022,-40.8411,76.32,88,46,9.62,scattered clouds
387,Ankazoabo,MG,-22.2833,44.5167,72.82,76,100,6.15,overcast clouds
388,Gweru,ZW,-19.45,29.8167,61.95,87,41,4.43,scattered clouds
389,Vila,PT,42.0304,-8.1588,29.28,70,73,4.21,broken clouds
390,Jensen Beach,US,27.2545,-80.2298,74.08,83,20,5.75,few clouds
391,Thompson,CA,55.7435,-97.8558,-25.44,68,40,0.0,scattered clouds
392,Whitehorse,CA,60.7161,-135.0538,15.82,84,100,6.91,light snow
393,Coos Bay,US,43.3665,-124.2179,45.93,83,0,0.0,clear sky
394,Calamar,CO,10.2511,-74.9146,74.8,76,6,2.48,clear sky
395,Yerbogachen,RU,61.2767,108.0108,-20.79,100,95,2.84,overcast clouds
396,Kruisfontein,ZA,-34.0033,24.7314,63.88,91,0,5.37,clear sky
397,Hervey Bay,AU,-25.2986,152.8535,80.73,83,80,16.62,moderate rain
398,Khakhea,BW,-24.6895,23.494,68.29,75,82,8.3,broken clouds
399,Jackson,US,42.4165,-122.8345,40.87,47,0,0.0,clear sky
400,Vila Franca Do Campo,PT,37.7167,-25.4333,54.01,81,55,7.29,broken clouds
401,Kamaishi,JP,39.2667,141.8833,42.21,63,72,17.47,light rain
402,Viedma,AR,-40.8135,-62.9967,61.79,65,68,7.92,broken clouds
403,Pella,RU,59.7775,30.8181,32.09,95,98,8.66,light snow
404,Yaya,RU,56.206,86.44,-2.4,99,100,3.18,overcast clouds
405,Abha,SA,18.2164,42.5053,48.45,66,0,5.75,clear sky
406,Coquimbo,CL,-29.9533,-71.3436,64.13,88,0,4.61,clear sky
407,Springbok,ZA,-29.6643,17.8865,55.69,77,0,3.04,clear sky
408,La Plata,AR,-34.9215,-57.9545,76.03,78,22,7.96,few clouds
409,Hirara,JP,24.8,125.2833,73.26,64,75,8.05,broken clouds
410,Buzmeyin,TM,38.0507,58.2056,46.13,57,100,16.11,overcast clouds
411,Tocopilla,CL,-22.092,-70.1979,72.05,80,100,2.42,overcast clouds
412,Ponta Do Sol,PT,32.6667,-17.1,59.63,63,65,5.97,broken clouds
413,Port Blair,IN,11.6667,92.75,82.44,78,40,2.3,scattered clouds
414,Biloela,AU,-24.4167,150.5,87.4,61,88,9.4,overcast clouds
415,Puerto Escondido,MX,15.85,-97.0667,79.63,73,40,0.0,scattered clouds
416,Belmonte,BR,-15.8631,-38.8828,76.5,81,1,5.84,clear sky
417,Atherton,GB,53.5237,-2.4935,45.75,84,69,7.0,broken clouds
418,Leh,IN,34.1667,77.5833,0.55,86,89,2.39,overcast clouds
419,Brownwood,US,31.7093,-98.9912,27.72,90,100,10.36,overcast clouds
420,Tufanganj,IN,26.3167,89.6667,69.87,46,0,4.09,clear sky
421,Yarada,IN,17.65,83.2667,75.52,69,40,2.3,haze
422,Beringovskiy,RU,63.05,179.3167,21.88,97,58,7.36,broken clouds
423,Brae,GB,60.3964,-1.353,43.7,85,100,42.35,light rain
424,Dingle,PH,10.9995,122.6711,82.62,78,54,15.05,broken clouds
425,Grindavik,IS,63.8424,-22.4338,25.27,86,0,3.44,clear sky
426,Kloulklubed,PW,7.0419,134.2556,82.9,80,75,22.77,broken clouds
427,Mitsamiouli,KM,-11.3847,43.2844,80.56,76,49,4.34,scattered clouds
428,Katherine,AU,-14.4667,132.2667,89.92,58,75,9.22,light rain
429,Agadez,NE,19.75,10.25,54.3,33,44,10.04,scattered clouds
430,Egvekinot,RU,66.3167,-179.1667,16.61,96,99,4.85,light snow
431,Port Macquarie,AU,-31.4333,152.9167,82.89,57,0,12.91,clear sky
432,Mucuri,BR,-18.0864,-39.5508,76.5,81,95,7.25,overcast clouds
433,Alofi,NU,-19.0595,-169.9187,75.09,94,100,4.61,moderate rain
434,Nauta,PE,-4.5061,-73.5757,74.46,86,100,2.77,overcast clouds
435,Jambi,ID,-1.6,103.6167,78.03,86,100,4.38,overcast clouds
436,Piranshahr,IR,36.701,45.1413,29.16,96,74,6.4,snow
437,Salinopolis,BR,-0.6136,-47.3561,75.61,92,99,2.04,very heavy rain
438,Rudbar,AF,30.15,62.6,55.96,49,0,20.18,clear sky
439,Turochak,RU,52.2576,87.1224,5.32,93,100,2.42,overcast clouds
440,Peniche,PT,39.3558,-9.3811,46.45,91,0,8.32,clear sky
441,Nazare,BR,-13.035,-39.0144,72.16,96,24,1.81,few clouds
442,College,US,64.8569,-147.8028,15.08,84,75,5.75,light snow
443,Tazovskiy,RU,67.4667,78.7,6.03,92,100,16.93,overcast clouds
444,Changchun,CN,43.88,125.3228,15.76,83,100,11.16,overcast clouds
445,Pekalongan,ID,-6.8886,109.6753,90.01,77,99,8.32,overcast clouds
446,Bonavista,CA,48.6499,-53.1147,28.58,96,100,11.36,snow
447,Norman Wells,CA,65.282,-126.8329,-20.16,69,20,0.0,few clouds
448,Sayyan,YE,15.1718,44.3244,50.18,84,55,2.53,broken clouds
449,Linxia,CN,35.6003,103.2064,27.32,24,95,3.38,overcast clouds
450,Pundaguitan,PH,6.3711,126.1689,81.19,77,14,13.02,few clouds
451,Kontagora,NG,10.3999,5.4695,75.15,19,44,5.46,scattered clouds
452,Saint-Francois,FR,46.4154,3.9054,38.64,93,100,3.44,overcast clouds
453,Srednekolymsk,RU,67.45,153.6833,-19.77,95,96,3.18,overcast clouds
454,Chake Chake,TZ,-5.2459,39.7666,74.37,86,4,2.89,clear sky
455,Yulara,AU,-25.2406,130.9889,89.73,17,3,11.03,clear sky
456,Porto Novo,BJ,6.4965,2.6036,75.81,89,69,3.51,broken clouds
457,Russell,US,32.3502,-85.1999,63.63,100,40,0.0,mist
458,Stara Zagora,BG,42.4328,25.6419,32.4,84,46,4.09,scattered clouds
459,Hofn,IS,64.2539,-15.2082,27.57,65,95,13.35,overcast clouds
460,Kapit,MY,2.0167,112.9333,87.82,62,96,3.02,overcast clouds
461,Lhokseumawe,ID,5.1801,97.1507,79.86,77,91,2.75,overcast clouds
462,Minudasht,IR,37.2289,55.3747,45.97,87,100,6.91,light rain
463,Taywarah,AF,33.35,64.4167,18.32,76,94,8.08,overcast clouds
464,Brigantine,US,39.4101,-74.3646,36.01,93,100,3.44,overcast clouds
465,Hranice,CZ,49.548,17.7347,39.49,89,99,17.83,overcast clouds
466,Monroe,US,43.1501,-77.6831,20.5,82,75,4.61,broken clouds
467,Los Llanos De Aridane,ES,28.6585,-17.9182,56.95,73,75,8.05,broken clouds
468,Yeniseysk,RU,58.4497,92.1703,3.54,98,100,2.35,overcast clouds
469,Vysokogornyy,RU,50.1167,139.15,2.32,82,85,3.69,overcast clouds
470,Melville,US,40.7934,-73.4151,36.57,60,100,8.05,overcast clouds
471,Aberdeen,GB,57.1437,-2.0981,41.49,83,75,17.27,moderate rain
472,Amiens,FR,49.9,2.3,43.79,90,32,11.59,scattered clouds
473,Haverfordwest,GB,51.8017,-4.9691,46.06,79,44,4.0,scattered clouds
474,Yumen,CN,40.2833,97.2,23.18,34,100,5.41,overcast clouds
475,Arman,RU,59.7,150.1667,10.02,93,100,6.67,light snow
476,Port-Cartier,CA,50.0334,-66.8654,2.88,91,3,8.77,clear sky
477,Poso,ID,-1.3959,120.7524,78.96,89,100,4.56,overcast clouds
478,Kirakira,SB,-10.4544,161.9205,83.26,76,100,8.19,overcast clouds
479,Aklavik,CA,68.2191,-135.0107,-32.26,100,69,4.99,broken clouds
480,Flin Flon,CA,54.7682,-101.865,-27.24,100,65,3.38,broken clouds
481,Morondava,MG,-20.2833,44.2833,78.57,84,100,8.75,overcast clouds
482,Walvis Bay,NA,-22.9575,14.5053,65.08,82,100,6.91,overcast clouds
483,Nyurba,RU,63.2842,118.3319,-27.45,97,95,6.04,overcast clouds
484,Agdam,AZ,39.991,46.9274,36.7,90,78,1.12,broken clouds
485,Weihai,CN,37.5017,122.1136,30.9,51,70,25.46,broken clouds
486,Drumnadrochit,GB,57.3344,-4.4799,40.69,92,100,16.04,light rain
487,Eyl,SO,7.9803,49.8164,71.53,81,49,12.28,scattered clouds
488,Coihaique,CL,-45.5752,-72.0662,59.61,54,0,3.44,clear sky
489,Bati,ET,11.1833,40.0167,57.85,51,2,2.82,clear sky
490,Orlik,RU,52.5178,99.825,-6.02,87,28,1.86,scattered clouds
491,Bonnyville,CA,54.2668,-110.735,-2.4,97,100,1.48,overcast clouds
492,Bokoro,TD,12.3807,17.0568,72.59,21,92,12.21,overcast clouds
493,Sarandi,BR,-23.4436,-51.8739,67.55,100,75,10.36,broken clouds
494,Makakilo City,US,21.3469,-158.0858,82.15,67,20,8.05,few clouds
495,Teguise,ES,29.0605,-13.564,59.22,63,40,18.41,scattered clouds
496,Sorong,ID,-0.8833,131.25,83.52,75,90,9.37,overcast clouds
497,Najran,SA,17.4924,44.1277,57.85,46,63,6.29,broken clouds
498,Natal,BR,-5.795,-35.2094,79.45,73,20,12.66,few clouds
499,The Valley,AI,18.217,-63.0578,76.1,68,0,18.1,clear sky
500,Khorixas,NA,-20.3667,14.9667,65.95,45,49,4.65,scattered clouds
501,Campana,AR,-34.1687,-58.9591,77.11,82,6,6.06,clear sky
502,Yurga,RU,55.7231,84.8861,-6.81,100,87,2.35,overcast clouds
503,Glens Falls,US,43.3095,-73.644,18.18,64,20,1.99,few clouds
504,Lixourion,GR,38.2019,20.4314,48.74,52,2,10.27,clear sky
505,Balykshi,KZ,47.0667,51.8667,19.4,63,40,13.42,scattered clouds
506,Samana,DO,19.2056,-69.3369,75.18,68,52,11.81,broken clouds
507,Saint-Joseph,RE,-21.3667,55.6167,75.58,85,83,11.52,light rain
508,Cativa,PA,9.3606,-79.8436,77.43,78,56,8.01,broken clouds
509,Goya,AR,-29.14,-59.2626,77.13,30,0,5.5,clear sky
510,Vanimo,PG,-2.6741,141.3028,83.59,74,93,4.59,overcast clouds
511,Disna,BY,55.568,28.1971,30.22,81,100,11.81,overcast clouds
512,Popondetta,PG,-8.7537,148.2534,79.12,91,100,1.39,overcast clouds
513,Kununurra,AU,-15.7667,128.7333,87.78,70,40,6.91,scattered clouds
514,Pervomayskiy,RU,53.2485,40.2871,18.93,94,60,7.02,broken clouds
515,Pomabamba,PE,-8.8333,-77.4667,52.27,76,100,3.8,overcast clouds
516,Trelew,AR,-43.249,-65.3051,61.52,53,0,18.28,clear sky
517,Barahona,DO,18.2085,-71.1008,74.03,80,11,4.05,few clouds
518,Phalia,PK,32.4297,73.5775,50.86,53,17,3.71,few clouds
519,Oeiras Do Para,BR,-2.0031,-49.8544,73.76,95,89,2.89,overcast clouds
520,Manaure,CO,11.7751,-72.4445,75.79,77,5,14.61,clear sky
521,Magistralnyy,RU,56.1725,107.4458,-1.93,92,97,4.18,overcast clouds
522,General Roca,AR,-39.0333,-67.5833,67.62,63,18,5.08,few clouds
523,Korla,CN,41.7597,86.1469,20.28,79,80,0.56,broken clouds
524,Sovetskiy,RU,61.3614,63.5842,15.98,95,97,7.67,overcast clouds
525,Otavi,NA,-19.65,17.3333,66.36,84,100,2.04,overcast clouds
526,Veinticinco De Mayo,AR,-35.4323,-60.1727,72.99,77,2,8.05,clear sky
527,Margate,GB,51.3813,1.3862,40.69,77,90,4.0,overcast clouds
528,Vostok,RU,46.4856,135.8833,8.78,74,100,3.31,overcast clouds
529,Kieta,PG,-6.2167,155.6333,85.12,69,82,6.8,light rain
530,Ambovombe,MG,-25.1667,46.0833,71.37,79,99,15.82,overcast clouds
531,Decatur,US,39.8403,-88.9548,17.8,57,0,5.75,clear sky
532,Wahlern,CH,46.8281,7.3532,32.36,76,0,5.75,clear sky
533,Burnie,AU,-41.0667,145.9167,64.94,41,32,14.07,scattered clouds
534,Turukhansk,RU,65.8167,87.9833,2.64,96,98,9.64,overcast clouds
535,Rio Grande,BR,-32.035,-52.0986,74.43,83,0,2.71,clear sky
536,Yilan,TW,24.757,121.753,74.01,43,0,2.59,clear sky
537,Hit,IQ,33.6416,42.8251,49.82,66,5,7.78,clear sky
538,Bodden Town,KY,19.2833,-81.25,78.93,85,20,6.91,few clouds
539,Praya,CV,14.9215,-23.5087,70.34,73,40,18.41,scattered clouds
540,Mareeba,AU,-17.0,145.4333,81.32,97,100,3.13,moderate rain
541,Miles City,US,46.4083,-105.8406,25.77,58,0,5.75,clear sky
542,Fergus,US,47.3,-109.2674,27.61,83,96,3.83,overcast clouds
543,Smithers,CA,54.7804,-127.1743,23.32,93,100,0.0,light snow
544,Tembisa,ZA,-25.9964,28.2268,65.3,97,98,4.32,moderate rain
545,Kalianget,ID,-7.05,113.9333,83.16,75,100,10.16,overcast clouds
546,La Solana,ES,38.9442,-3.2381,34.29,54,0,3.02,clear sky
547,Manggar,ID,-2.8833,108.2667,83.91,71,99,8.1,overcast clouds
548,Valparaiso,CL,-33.0393,-71.6273,58.64,94,0,4.61,clear sky
549,Genhe,CN,50.7833,121.5167,1.53,89,96,3.38,overcast clouds
550,Nago,JP,26.5881,127.9761,70.65,59,6,12.17,clear sky
551,Mitu,CO,1.1983,-70.1733,73.11,70,57,2.33,broken clouds
552,Dalvik,IS,65.9702,-18.5286,30.13,95,100,11.36,snow
553,Kungurtug,RU,50.5994,97.5228,-0.22,88,23,1.07,few clouds
554,Puerto Cabezas,NI,14.0351,-83.3888,74.97,88,8,11.56,clear sky
555,Terra Santa,BR,-2.1042,-56.4869,72.75,91,100,2.35,overcast clouds
556,Coahuayana,MX,18.7333,-103.6833,69.21,91,7,2.15,clear sky
557,Sorland,NO,67.667,12.6934,35.46,65,48,7.4,scattered clouds
558,Skjervoy,NO,70.0311,20.9714,26.6,73,100,2.39,light snow
559,Chifeng,CN,42.2683,118.9636,18.21,25,0,23.15,clear sky
560,Rorvik,NO,64.8621,11.2373,32.11,93,75,2.3,broken clouds
561,Barcelos,PT,41.5388,-8.6151,45.68,74,52,4.45,broken clouds
562,Big Spring,US,32.2504,-101.4787,24.24,90,40,4.61,scattered clouds
563,Broome,US,42.2506,-75.833,20.46,80,0,5.75,clear sky
564,Laguna,US,38.421,-121.4238,50.29,50,0,5.75,clear sky
565,Ambikapur,IN,23.1167,83.2,59.94,57,2,6.64,clear sky
566,De-Kastri,RU,51.4667,140.7833,3.58,80,19,3.53,few clouds
567,Calama,CL,-22.4667,-68.9333,59.49,67,0,16.11,clear sky
568,Verkhnetulomskiy,RU,68.6073,31.7962,17.73,97,100,1.83,light snow
569,Olafsvik,IS,64.8945,-23.7142,30.52,83,100,17.11,light snow
570,San Angelo,US,31.4638,-100.437,26.82,89,100,8.05,overcast clouds
571,Malakal,SS,9.5334,31.6605,77.49,17,4,6.73,clear sky
572,Sainte-Maxime,FR,43.3,6.6333,43.18,62,81,6.51,broken clouds
573,Asyut,EG,27.181,31.1837,48.02,62,0,6.13,clear sky
574,Baruun-Urt,MN,46.6806,113.2792,-0.92,77,3,7.52,clear sky
575,Esna,EG,25.2934,32.554,50.77,54,0,6.24,clear sky
576,Ati,TD,13.2154,18.3353,70.57,22,59,12.66,broken clouds
577,Sterling,US,39.0062,-77.4286,36.39,91,100,8.01,light intensity drizzle
578,Mercedes,AR,-34.6515,-59.4307,75.78,82,80,6.62,broken clouds
579,Kaduqli,SD,11.0167,29.7167,73.11,18,53,6.85,broken clouds
580,Aswan,EG,24.0934,32.907,52.27,47,4,8.84,clear sky
581,Bressanone,IT,46.715,11.656,36.19,90,7,2.77,clear sky
582,Jiangyou,CN,31.7667,104.7167,61.09,32,3,2.37,clear sky
583,Nouakchott,MR,18.0858,-15.9785,60.73,45,36,11.41,scattered clouds
584,Orahovac,XK,42.3994,20.6547,33.66,67,15,0.45,few clouds
585,Namie,JP,37.4833,141.0,51.98,28,14,1.01,few clouds
586,Vallenar,CL,-28.5708,-70.7581,69.12,61,4,2.51,clear sky
587,Mehamn,NO,71.0357,27.8492,33.71,80,75,20.71,light snow
588,Nagua,DO,19.3832,-69.8474,73.78,75,53,9.86,broken clouds
589,Ahipara,NZ,-35.1667,173.1667,73.33,77,100,8.9,overcast clouds
590,Fukue,JP,32.6881,128.8419,61.16,63,75,11.5,broken clouds
591,Sinjar,IQ,36.3209,41.8754,41.72,87,62,2.26,broken clouds
592,Meulaboh,ID,4.1363,96.1285,78.49,74,100,3.74,overcast clouds
593,Diffa,NE,13.3154,12.6113,71.08,18,100,9.62,overcast clouds
594,Orbetello,IT,42.4408,11.2196,33.82,77,90,5.01,overcast clouds
595,Umba,RU,66.6871,34.3429,10.65,97,99,5.7,overcast clouds
596,Tarko-Sale,RU,64.9225,77.785,7.38,93,100,17.16,overcast clouds
597,Birin,NP,26.8865,88.0718,58.5,44,0,3.53,clear sky
598,Buraydah,SA,26.326,43.975,54.05,55,41,8.25,scattered clouds
599,Mubi,NG,10.2676,13.2644,70.39,23,100,3.42,overcast clouds
600,Saint-Leu,RE,-21.15,55.2833,76.06,79,57,11.92,broken clouds
601,Seminole,US,28.7086,-81.2081,73.67,88,0,4.61,clear sky
602,Luwuk,ID,-0.9516,122.7875,85.3,72,88,1.23,overcast clouds
603,Oranjemund,NA,-28.55,16.4333,62.56,94,65,4.56,broken clouds
604,Novobessergenevka,RU,47.1847,38.8462,34.47,81,91,2.46,overcast clouds
605,Rethimnon,GR,35.3647,24.4714,46.2,74,92,22.79,overcast clouds
606,Chiang Rai,TH,19.9167,99.9167,71.31,100,52,2.3,mist
607,Payson,US,40.0444,-111.7321,15.37,74,0,1.01,clear sky
608,Pucara,PE,-15.9803,-71.4606,38.84,95,100,6.76,overcast clouds
609,Leningradskiy,RU,69.3833,178.4167,5.94,96,100,9.53,overcast clouds
610,Manzanillo,CU,20.3433,-77.1167,73.74,79,8,13.47,clear sky
611,Kidal,ML,18.4411,1.4078,62.4,11,49,8.63,scattered clouds
612,Bria,CF,6.5423,21.9863,71.92,33,0,1.05,clear sky
613,Tomohon,ID,1.3346,124.8392,74.34,68,45,5.5,scattered clouds
614,Lamar,US,33.6668,-95.5836,26.51,91,100,10.36,overcast clouds
615,Ler,SS,8.3018,30.1418,77.02,20,5,2.73,clear sky
616,Kaliua,TZ,-5.0606,31.7936,61.75,96,82,2.68,light rain
617,Novyy Urengoy,RU,66.0833,76.6333,7.84,94,100,17.45,overcast clouds
618,Chabahar,IR,25.2919,60.643,65.46,66,0,6.76,clear sky
619,Sehithwa,BW,-20.4667,22.7167,66.6,91,100,4.76,overcast clouds
620,Nam Som,TH,17.7704,102.1895,69.1,28,6,2.01,clear sky
621,Maragogi,BR,-9.0122,-35.2225,77.09,83,54,7.0,light rain
622,Wageningen,NL,51.9667,5.6667,44.85,81,75,11.5,broken clouds
623,Krasnokamensk,RU,50.0979,118.0369,-1.71,81,3,5.79,clear sky
624,Sabha,LY,27.0377,14.4283,43.34,46,0,5.97,clear sky
625,Zhigansk,RU,66.7697,123.3711,-19.71,99,100,5.32,light snow
626,Vestmanna,FO,62.1564,-7.1664,37.67,80,95,24.63,light rain
627,Berlevag,NO,70.8578,29.0864,33.75,75,100,27.63,light snow
628,Mugumu,TZ,-1.85,34.7,59.97,72,52,3.96,broken clouds
629,Pasco,US,28.292,-82.4165,71.22,76,6,4.34,clear sky
630,Muisne,EC,0.6,-80.0333,75.97,88,44,3.83,scattered clouds
631,Nome,US,64.5011,-165.4064,23.07,93,100,0.0,light snow
632,Shar,KZ,49.5886,81.0453,14.72,87,100,11.12,light snow
633,Tautira,PF,-17.7333,-149.15,81.05,76,17,14.81,light rain
634,Sarangani,PH,5.4033,125.4636,81.57,78,25,22.15,scattered clouds
635,Miramar,US,25.9873,-80.2323,77.02,82,0,6.91,clear sky
636,Northam,GB,51.0333,-4.2167,46.62,81,12,19.19,few clouds
637,Aneza,GR,39.0867,20.9233,42.75,64,0,4.54,clear sky
638,Forest,US,37.3638,-79.2897,42.04,95,100,8.05,mist
639,Aracatuba,BR,-21.2089,-50.4328,71.24,90,100,1.3,moderate rain
640,Wakkanai,JP,45.4094,141.6739,22.98,86,75,6.91,broken clouds
641,High Level,CA,58.5169,-117.136,-2.09,78,0,9.22,clear sky
642,Enid,US,36.3956,-97.8784,23.16,61,0,0.0,clear sky
643,Kaeo,NZ,-35.1,173.7833,74.16,75,98,8.01,overcast clouds
644,Surskoye,RU,54.4821,46.7214,26.56,96,99,8.12,overcast clouds
645,Dalmatovo,RU,56.26,62.9362,19.08,88,98,7.11,overcast clouds
646,Borba,BR,-4.3878,-59.5939,72.93,97,89,2.37,light rain
647,Fort Nelson,CA,58.8053,-122.7002,4.59,85,100,6.91,light snow
648,Hvide Sande,DK,56.0045,8.1294,42.1,83,100,32.77,light rain
649,Aguimes,ES,27.9054,-15.4461,57.83,67,20,11.5,few clouds
650,Praia,CV,14.9215,-23.5087,70.34,73,40,18.41,scattered clouds
651,Cefalu,IT,38.0386,14.0229,49.53,67,5,1.99,clear sky
652,Shimanovsk,RU,52.0,127.7,3.58,75,17,12.1,few clouds
653,Ternate,ID,0.8,127.4,84.52,69,44,6.96,scattered clouds
654,Puerto El Triunfo,SV,13.2833,-88.55,77.92,66,3,3.36,clear sky
655,Bathsheba,BB,13.2167,-59.5167,74.01,83,20,9.22,few clouds
656,Sao Jose Da Coroa Grande,BR,-8.8978,-35.1478,77.27,83,63,7.54,broken clouds
657,Vannes,FR,47.8333,-2.5,39.81,89,20,6.46,few clouds
658,Kharovsk,RU,59.9642,40.1912,24.33,90,93,8.63,overcast clouds
659,Mastung,PK,29.7994,66.845,42.3,42,0,2.68,clear sky
660,Altay,CN,47.8667,88.1167,15.89,62,100,4.9,overcast clouds
661,Kargasok,RU,59.0556,80.8572,-3.32,99,26,5.59,scattered clouds
662,La Ciotat,FR,43.1748,5.6045,47.8,63,59,11.32,broken clouds
663,Yeppoon,AU,-23.1333,150.7333,83.98,69,91,7.45,moderate rain
664,Anori,BR,-3.7728,-61.6442,72.75,98,94,2.51,overcast clouds
665,Tuburan,PH,6.6439,122.2736,86.09,77,16,6.2,few clouds
666,Sfantu Gheorghe,RO,45.8667,25.7833,26.26,96,96,4.83,overcast clouds
667,Goma,CD,-1.6792,29.2228,60.6,82,20,3.02,light rain
668,Dunedin,NZ,-45.8742,170.5036,64.8,99,100,3.0,overcast clouds
669,Sompeta,IN,18.9333,84.6,77.07,51,60,7.38,broken clouds
670,Tongling,CN,30.95,117.7833,58.03,37,0,10.33,clear sky
671,Ukiah,US,39.1502,-123.2078,49.89,45,0,1.01,clear sky
672,Ewa Beach,US,21.3156,-158.0072,83.57,68,20,8.05,few clouds
673,Korba,IN,22.35,82.6833,65.66,52,8,7.94,clear sky
674,Edmond,US,35.6528,-97.4781,23.31,57,100,1.99,overcast clouds
675,Wamba,NG,8.9333,8.6,74.25,19,93,4.54,overcast clouds
676,Bogande,BF,12.9714,-0.1436,71.73,7,100,8.77,overcast clouds
677,Liwale,TZ,-9.7667,37.9333,67.89,99,6,2.62,light rain
678,Okahandja,NA,-21.9833,16.9167,69.03,51,100,3.51,overcast clouds
679,Mangrol,IN,21.1167,70.1167,65.5,47,80,14.0,broken clouds
680,Oranjestad,AW,12.524,-70.027,78.75,78,20,9.22,few clouds
681,Udachnyy,RU,66.4167,112.4,-34.22,100,74,4.94,broken clouds
682,Gayny,RU,60.3071,54.3241,27.91,89,100,10.51,overcast clouds
683,Kuching,MY,1.55,110.3333,82.26,84,40,3.44,scattered clouds
684,Tarboro,US,35.8968,-77.5358,55.78,100,100,0.0,fog
685,Tiverton,GB,50.9,-3.4833,46.06,83,75,8.05,broken clouds
686,Bosaso,SO,11.2842,49.1816,71.33,73,22,5.44,few clouds
687,Riyadh,SA,24.6877,46.7219,60.94,36,30,9.75,scattered clouds
